{
  "trn_loss": [
    1.6514288738835603,
    0.4980549643514678,
    0.28201414947398007,
    0.2074095570569625,
    0.16940661857370287,
    0.1423231455264613,
    0.12839456628717016,
    0.1192309636680875,
    0.11391333721985575,
    0.10911157428927254,
    0.10555034947174136,
    0.11120375868631527,
    0.10039910167688504,
    0.0988377433095593,
    0.09761872365197632,
    0.09680310574185569,
    0.09570828279538546,
    0.09410427964758128,
    0.09363022806064691,
    0.09302099587512203,
    0.09195868302776944,
    0.0911243320297217,
    0.0909006100409897,
    0.09013530671654735,
    0.089561705259257,
    0.08906827779719606,
    0.08917994920921046,
    0.08829641676857136,
    0.08809364993066993,
    0.08749110875942279,
    0.0886010536341928,
    0.08679831933113746,
    0.08658973115961999,
    0.08650073374155909,
    0.08606424977187999,
    0.08595422765938565,
    0.08574666267668363,
    0.0853988337185001,
    0.08543566554726567,
    0.0851832045300398,
    0.08493214077316225,
    0.08481654999195598,
    0.08457289401849266,
    0.08445451695297379,
    0.08427692034456413,
    0.0840737561811693,
    0.08405154423962813,
    0.08403044976876117,
    0.08373339014360681,
    0.0836040893336758,
    0.08344951688195579,
    0.08336197528115008,
    0.08326764540106524,
    0.08311500535637606
  ],
  "val_loss": [
    0.6567144727837728,
    0.29392237249552305,
    0.19506742993908818,
    0.14987235342769467,
    0.1271027045035722,
    0.11610981039549588,
    0.10886513191608735,
    0.10570466099984034,
    0.1031759989441504,
    0.10095648995111345,
    0.09928904561675952,
    0.09856600774904338,
    0.09770494525937877,
    0.09677485115161812,
    0.09595189466357068,
    0.0961737040302554,
    0.09609350096051095,
    0.09551435563871727,
    0.09515497078825254,
    0.09538468322595288,
    0.09453917873821469,
    0.09421382569727094,
    0.09396243837594331,
    0.09424661066797045,
    0.0939654537597965,
    0.09384789345849852,
    0.0939349935623844,
    0.0939410733179137,
    0.09326156142930435,
    0.09344755696089344,
    0.0938573316679897,
    0.09337404526269322,
    0.09348735465107304,
    0.09281072207357331,
    0.0936249897272335,
    0.09347560018995989,
    0.09277470535783938,
    0.09396972520933557,
    0.09242408163794438,
    0.09323754700409205,
    0.09292384320857267,
    0.09295940685746437,
    0.09299266474482454,
    0.09340005255571282,
    0.09336606872833969,
    0.09365611743125732,
    0.09354668728322486,
    0.09394782679193794,
    0.09354244366145101,
    0.09381788386075421,
    0.09363744838165812,
    0.09370508606460032,
    0.09374620783230896,
    0.09343214307711122
  ],
  "lr": [
    0.001,
    0.0009997557473810372,
    0.0009990232305719946,
    0.0009978031724785247,
    0.0009960967771506667,
    0.0009939057285945933,
    0.0009912321891107012,
    0.0009880787971596802,
    0.0009844486647586726,
    0.000980345374410087,
    0.0009757729755661012,
    0.0009707359806323418,
    0.0009652393605146846,
    0.0009592885397135708,
    0.0009528893909706799,
    0.0009460482294732424,
    0.0009387718066217127,
    0.0009310673033669524,
    0.0009229423231234977,
    0.0009144048842659084,
    0.0009054634122155993,
    0.0008961267311259671,
    0.000886404055174016,
    0.0008763049794670778,
    0.000865839470573599,
    0.0008550178566873413,
    0.0008438508174347012,
    0.000832349373335208,
    0.0008205248749256018,
    0.0008083889915582238,
    0.0007959536998847747,
    0.0007832312720368051,
    0.0007702342635146037,
    0.0007569755007964342,
    0.0007434680686803494,
    0.0007297252973710761,
    0.0007157607493247114,
    0.0007015882058642168,
    0.0006872216535789162,
    0.0006726752705214198,
    0.0006579634122155995,
    0.000643100597489419,
    0.0006281014941466035,
    0.000612980904491289,
    0.0005977537507199342,
    0.0005824350601949147,
    0.000567039950614331,
    0.0005515836150926649,
    0.0005360813071670105,
    0.0005205483257436738,
    0.0005050000000000002,
    0.0004894516742563267,
    0.0004739186928329901,
    0.00045841638490733556
  ]
}